,0
0,FLASH_MEMORY
1,HEADPHONES
2,DISHWARE_BOWL
3,SHAVING_AGENT
4,COMPUTER_PROCESSOR
5,COMPUTER_ADD_ON
6,AMAZON_TABLET
7,APPAREL_BELT
8,PORTABLE_ELECTRONIC_DEVICE_STAND
9,IMMERSION_HEATER
10,BODY_LUBRICANT
11,INPUT_MOUSE
12,CELLULAR_PHONE_CASE
13,BODY_POSITIONER
14,HANDBAG
15,UNDERPANTS
16,TAPE_MEASURE
17,AMAZON_TABLET_ACCESSORY
18,COMPUTER_DRIVE_OR_STORAGE
19,TOOTH_CLEANING_AGENT
20,TOILET_PAPER
21,MOUTHWASH
22,ELECTRONIC_CABLE
23,SCREWDRIVER
24,GIFT_CARD
25,EDIBLE_OIL_VEGETABLE
26,SIM_CARD
27,BED_FRAME
28,HERB
29,MEAT
30,DAIRY_BASED_BUTTER
31,DAIRY_BASED_CHEESE
32,JERKY
33,SEXUAL_STIMULATION_DEVICE
34,FILE_FOLDER
35,SCREEN_PROTECTOR
36,PORTABLE_ELECTRONIC_DEVICE_COVER
37,MEMORY_CARD_READER
38,STORAGE_BAG
39,INKJET_PRINTER_INK
40,CHAIR
41,CONSUMER_ELECTRONICS
42,CELLULAR_PHONE
43,VIDEO_GAME_CONSOLE
44,FLAT_SCREEN_DISPLAY_MOUNT
45,GROCERY
46,FOOD
47,POULTRY
48,JUICE_AND_JUICE_DRINK
49,WIRELESS_ACCESSORY
50,SUGAR_SUBSTITUTE
51,PET_FOOD
52,TOWEL
53,TIMER
54,WRIST_REST
55,HEALTH_PERSONAL_CARE
56,CULINARY_SALT
57,SKIN_CLEANING_WIPE
58,SANITARY_NAPKIN
59,SKIN_CLEANING_AGENT
60,SHAMPOO
61,BEAUTY
62,BATHWATER_ADDITIVE
63,SNACK_CHIP_AND_CRISP
64,SURFACE_CLEANING_WIPE
65,FACIAL_TISSUE
66,SAUCE
67,CONDITIONER
68,ABIS_BOOK
69,PANTS
70,PLUMBING_FIXTURE
71,ELECTRONIC_ADAPTER
72,ITEM_STAND
73,COSMETIC_CASE
74,PET_SUPPLIES
75,LIP_BALM
76,EYEBROW_COLOR
77,LOCK
78,LAMP
79,FURNITURE_COVER
80,TOY_FIGURE
81,GUILD_BEAUTY_GROOMING
82,POPCORN
83,SALAD_DRESSING
84,TEA
85,CEREAL
86,CRACKER
87,COOKIE
88,DRINK_FLAVORED
89,TOOTHBRUSH
90,FOOD_STORAGE_BAG
91,PAPER_TOWEL
92,BAKING_MIX
93,PROFESSIONAL_HEALTHCARE
94,PLANT_SEED
95,SWEATSHIRT
96,PEST_CONTROL_DEVICE
97,TOYS_AND_GAMES
98,INSECT_REPELLENT
99,CHARGING_ADAPTER
100,HERBAL_SUPPLEMENT
101,HAT
102,TIGHTS
103,COAT
104,NOTEBOOK_COMPUTER
105,HAIR_BRUSH
106,SWEATER
107,SKIN_SERUM
108,NUTRITIONAL_SUPPLEMENT
109,BLANK_BOOK
110,SKIN_MOISTURIZER
111,CALENDAR
112,PLANNER
113,OFFICE_PRODUCTS
114,BODY_DEODORANT
115,WINDOW_FILM
116,NAIL_POLISH
117,MEDICATION
118,HARDWARE_HANDLE
119,AREA_DEODORIZER
120,GARMENT_STEAMER
121,FLASHLIGHT
122,MOP_BUCKET_SET
123,TEMPORARY_GATE
124,INCENSE
125,SKIRT
126,SHIRT
127,DRESS
128,BONDING_ADHESIVES
129,WALL_ART
130,HANGING_ROD
131,FORK
132,FOOD_SPATULA
133,ABIS_HOME
134,UMBRELLA
135,EARPLUG
136,TOOTHBRUSH_HOLDER
137,PET_PEST_CONTROL
138,HOME
139,HAIR_CLIP
140,NUTS
141,NAIL_FILE
142,EYELID_COLOR
143,CANDLE
144,YARN
145,KNITTING_NEEDLE
146,TUNIC
147,MICROCURRENT_FACIAL_MACHINE
148,FOOD_STORAGE_CONTAINER
149,HAND_SEWING_NEEDLE
150,APPAREL_GLOVES
151,SOCKS
152,STICKER_DECAL
153,ENVELOPE
154,POWER_CORD
155,STRING_LIGHT
156,ART_MEDIA_PAPER
157,ART_AND_CRAFT_SUPPLY
158,ORTHOPEDIC_BRACE
159,AIR_PURIFIER
160,SHOES
161,PITCHER
162,PLANTER
163,SOIL
164,LIGHT_BULB
165,DAIRY_BASED_ICE_CREAM
166,DISHWARE_PLATE
167,FRUIT
168,VEGETABLE
169,SHOWERHEAD
170,LAUNDRY_HAMPER
171,TRASH_CAN
172,PINBOARD
173,DESK
174,HVAC_AIR_FILTER
175,POWER_STRIP
176,UTILITY_SPONGE
177,VITAMIN
178,BATTERY
179,CLOTHES_PIN
180,APRON
181,SELF_STICK_NOTE
182,SHARP_PIN
183,SHOVEL_SPADE
184,HOME_LIGHTING_ACCESSORY
185,STORAGE_RACK
186,HARDWARE_TUBING
187,HARDWARE_HINGE
188,FLOUR
189,FERTILIZER
190,BLUE_LIGHT_BLOCKING_EYEGLASSES
191,ROLLING_PIN
192,BROOM
193,BREAD
194,DAIRY_BASED_DRINK
195,RAW_MATERIALS
196,COFFEE_MAKER
197,FLAVORED_DRINK_CONCENTRATE
198,CLOTHES_HANGER
199,GARLAND
200,DISPLAY_ALBUM
201,ICE_CUBE_TRAY
202,ADHESIVE_TAPES
203,MINERAL_SUPPLEMENT
204,MANUAL_SHAVING_RAZOR
205,CUTTING_BOARD
206,HOME_BED_AND_BATH
207,COSMETIC_BRUSH
208,SKIN_EXFOLIANT
209,SKIN_TREATMENT_MASK
210,SUNGLASSES
211,PACKAGED_SOUP_AND_STEW
212,DISPOSABLE_INCONTINENCE_SURFACE_PROTECTOR
213,ART_SUPPLIES
214,CADDY
215,PERSONAL_PILL_DISPENSER
216,MARKING_PEN
217,WINDOW_SHADE
218,CARRIER_BAG_CASE
219,SKIN_PROTECTANT
220,JEWELRY_FINDING
221,BRA
222,STORAGE_HOOK
223,HAIR_COMB
224,PILLOWCASE
225,CURTAIN
226,BUILDING_MATERIAL
227,MAKE_UP
228,ITEM_CONTAINER
229,ASTRINGENT_SUBSTANCE
230,HUMIDIFIER
231,SPORT_ACTIVITY_GLOVE
232,UTILITY_KNIFE
233,ARTIFICIAL_TREE
234,ART_CRAFT_KIT
235,GIFT_WRAP
236,TREE_TOPPER
237,PHYSICAL_VIDEO_GAME_SOFTWARE
238,PET_BED_MAT
239,GAME_DICE
240,TABLETOP_GAME
241,HOME_LIGHTING_AND_LAMPS
242,FACE_SHAPING_MAKEUP
243,LIP_COLOR
244,SWEATBAND
245,SHORTS
246,LINT_REMOVER
247,FUNNEL
248,HONEY
249,THICKENING_AGENT
250,PASTRY
251,ANIMAL_COLLAR
252,ANIMAL_HARNESS
253,THERAPEUTIC_THERMAL_COMPRESS
254,NAIL_TREATMENT
255,WALLET
256,DAIRY_BASED_CREAM
257,BREAKFAST_CEREAL
258,DAIRY_BASED_YOGURT
259,CURTAIN_FASTENER
260,PROTEIN_DRINK
261,MAKEUP_PRIMER
262,HAIR_CLEANER_CONDITIONER
263,MASSAGER
264,PET_ACTIVITY_STRUCTURE
265,COSMETIC_NAIL_SET
266,NAIL_POLISH_REMOVER
267,CONDIMENT
268,SUGAR
269,LEGUME
270,NOODLE
271,NAIL_DRILL
272,ANIMAL_CAGE
273,WASTE_BAG
274,ANIMAL_VITAMIN
275,OUTDOOR_LIVING
276,SOAP_DISH
277,HAIR_REMOVAL_AGENT
278,INCENSE_HOLDER
279,CLEANING_BRUSH
280,HOME_MIRROR
281,NIGHTGOWN_NIGHTSHIRT
282,KITCHEN
283,KITCHEN_TOOLS
284,CELL_PHONE_HOLSTER
285,COFFEE
286,SAUTE_FRY_PAN
287,BLANKET
288,BEDDING_SET
289,MEASURING_CUP
290,SUGAR_CANDY
291,UNDERWEAR
292,WOUND_DRESSING
293,TEXTILE_DEODORIZER
294,STORAGE_BOX
295,NUT_BUTTER
296,FRUIT_SNACK
297,DISPOSABLE_NAPKIN
298,TOILET_PAPER_HOLDER
299,THERMOMETER
300,PILLOW
301,FOOD_STRAINER
302,SPRAY_BOTTLE
303,FINENECKLACEBRACELETANKLET
304,HUMIDITY_METER
305,SCULPTING_MATERIAL
306,FITTED_SHEET
307,PAINT
308,TABLE
309,MEAL_REPLACEMENT_BEVERAGE
310,BACKPACK
311,BOOT
312,VACUUM_CLEANER
313,BINOCULAR
314,PRETZEL
315,SAFETY_MASK
316,SANDER
317,PUZZLES
318,ABRASIVES
319,SLEEPWEAR
320,BOARD_GAME
321,BRACELET
322,NON_RIDING_TOY_VEHICLE
323,JEWELRY_SET
324,PET_TOY
325,LADDER
326,SKIN_FOUNDATION_CONCEALER
327,BRA_UNDERWEAR_SET
328,APPAREL
329,PICTURE_FRAME
330,RUG
331,TOOTH_WHITENER
332,TEETHER
333,FOOT_SCRAPER
334,DUMBBELL
335,FAUCET
336,TOILET_SEAT
337,PERSONAL_FRAGRANCE
338,PICKLE
339,CLEANING_AGENT
340,PAPER_TOWEL_HOLDER
341,COTTON_PAD
342,FIGURINE
343,HOME_FURNITURE_AND_DECOR
344,CANDLE_HOLDER
345,SPORTING_GOODS
346,VIRTUAL_REALITY_HEADSET
347,BATHING_SPONGE
348,GAS_SMOKE_FIRE_ALARM
349,SEXUAL_WELLNESS
350,CLOTHES_RACK
351,STORAGE_BINDER
352,WRITING_PAPER
353,CARD_STOCK
354,ELECTRIC_CIRCUIT_TESTING_DEVICE
355,NECKLACE
356,SHARPS_DISPOSAL_CONTAINER
357,MAILBOX
358,SIGNAGE
359,LAUNDRY_DETERGENT
360,RAZOR_BLADE_CARTRIDGE
361,HAIR_TIE
362,WRITING_INSTRUMENT
363,RECIPROCATING_HEDGE_TRIMMER
364,SHEET_PAPER
365,GREETING_CARD
366,INSTRUMENT_PARTS_AND_ACCESSORIES
367,IRON_ON_TRANSFER_DESIGN
368,COSTUME_HEADWEAR
369,TEXTILE_IRON
370,BED_LINEN_SET
371,SKIN_CARE_AGENT
372,DRINK_COASTER
373,AUTO_KEY_SHELL
374,SAFETY_GLASSES
375,DUFFEL_BAG
376,PORTABLE_ELECTRONIC_DEVICE_MOUNT
377,HAIRBAND
378,HAIR_COLORING_AGENT
379,HAIR_DRYER
380,HAIR_STYLING_AGENT
381,MOISTURIZING_SOCK_GLOVE
382,DRAFT_STOPPER
383,POPCORN_POPPER
384,AUTO_ACCESSORY
385,DIGITAL_DEVICE_3
386,ELECTROSHOCK_WEAPON
387,COMPUTER_INPUT_DEVICE
388,VEHICLE_LIGHT_BULB
389,VEHICLE_LIGHTING_CONVERSION_KIT
390,CUTTING_TOOLS
391,SCISSORS
392,LIQUID_INK
393,PROTECTIVE_GLOVE
394,VIDEO_GAME_CONTROLLER
395,PERSONAL_COMPUTER
396,SECURITY_CAMERA
397,VACUUM_FILTER
398,CHOCOLATE_CANDY
399,SCULPTURE
400,ESSENTIAL_OIL
401,DECORATIVE_SIGNAGE
402,DECORATIVE_CUTOUT
403,CHEWING_GUM
404,DRINKING_CUP
405,PHYSICAL_MOVIE
406,WIND_CHIME
407,ELECTRONIC_GIFT_CARD
408,BANNER
409,NETWORKING_ROUTER
410,MODEM
411,BAKING_PAN
412,ABIS_DVD
413,COOKWARE_SET
414,SHOE_INSERT
415,PHYSICAL_TV_SERIES
416,THERMOPLASTIC_FILAMENT
417,CONTROLLER
418,3D_PRINTER
419,MECHANICAL_COMPONENTS
420,PAINT_BRUSH
421,MECHANICAL_FASTENERS
422,ARTIFICIAL_PLANT
423,POTABLE_WATER_FILTER
424,SAW_BLADE
425,RING
426,ENGINE_AIR_FILTER
427,VEHICLE_WIND_DEFLECTOR
428,ABIS_GIFT_CARD
429,CANDY
430,SNACK_MIX
431,PAJAMAS
432,GUN_HOLSTER
433,ABIS_MUSIC
434,CARRYING_CASE_OR_BAG
435,ORCA_SHIRT
436,CLOCK
437,LAWN_MOWER
438,MEDICAL_COMPRESSION_GARMENT
439,ROASTING_PAN
440,PET_FEEDER
441,INTEGRATED_STEREO_SYSTEM
442,SLIPPER
443,JEWELRY_STORAGE
444,ACCESSORY
445,HARDWARE
446,BABY_CARRIER
447,HANDRAIL
448,SPORT_EQUIPMENT_BAG_CASE
449,INFANT_TODDLER_CAR_SEAT
450,TOOTHBRUSH_HEAD
451,MULTITOOL
452,ELECTRIC_SHAVER
453,STATIONARY_BICYCLE
454,SERVEWARE
455,INPUT_PEN
456,MICROPHONE
457,GARDEN_SHEAR_SCISSORS
458,CONTACT_LENS_CLEANER
459,VIDEO_DISC_PLAYER
460,HOOK_LOOP_FASTENER
461,BODY_STRAP
462,VIDEO_GAME_ACCESSORIES
463,DUVET_COVER
464,TOOLS
465,HEARING_AMPLIFIER
466,TEAPOT
467,EARMUFF
468,COUNTERTOP_GRIDDLE_APPLIANCE
469,BOOK_DOCUMENT_STAND
470,BATHTUB_SHOWER_MAT
471,TABLET_COMPUTER
472,MOUSE_PAD
473,VEHICLE_TIRE
474,GUILD_HOME
475,WATCH_BAND
476,THERMOS
477,LAB_SUPPLY
478,CLIPBOARD
479,SPEAKERS
480,FURNITURE_FLOOR_PROTECTOR
481,SYRINGE
482,WRITING_BOARD
483,GLUCOSE_METER
484,ERASER
485,DIGITAL_PICTURE_FRAME
486,HAND_STRENGTHENER
487,COOKTOP
488,SPOON
489,PERSONAL_CARE_APPLIANCE
490,PHONE_ACCESSORY
491,NETWORK_INTERFACE_CONTROLLER_ADAPTER
492,RUBBER_STAMP
493,FOOD_PROCESSOR
494,RESPIRATOR
495,FASTENER_DRIVE_BIT
496,COMPUTER_COMPONENT
497,BOTTLE
498,TWEEZER
499,SAFETY_MASK_STRAP_EXTENDER
500,KEYCHAIN
501,HAIR_EXTENSION
502,CIRCUIT_BREAKER
503,VDO_DEVICES
504,KEYBOARDS
505,NON_DAIRY_CREAM
506,DOWNLOADABLE_VIDEO_GAME
507,CONSOLE_VIDEO_GAMES
508,INTERNAL_MEMORY
509,COMPUTER_CHASSIS
510,AMAZON_BOOK_READER
511,VIDEO_CARD
512,ELECTRONIC_COMPONENT_FAN
513,AMAZON_BOOK_READER_ACCESSORY
514,AIR_CONDITIONER
515,MONITOR
516,SHELF
517,PENCIL_SHARPENER
518,CAMCORDER
519,HAIR_TRIMMER
520,CABLE_TIE
521,KEYBOARD_MOUSE_SET
522,UTILITY_MAGNET
523,ICE_CREAM_MAKER
524,SYSTEM_POWER_DEVICE
525,SINK
526,SANDAL
527,SKIN_CLEANING_BRUSH
528,SWIMWEAR
529,SUNSCREEN
530,SOUND_CARD
531,CANNED_AIR
532,FOOD_OR_BEVERAGE_WARMER
533,TEMPORARY_HANGER_HOOK
534,FOOTREST
535,ALCOHOLIC_BEVERAGE
536,BACKDROP
537,DIGITAL_DEVICE_3_ACCESSORY
538,CARGO_STRAP
539,PHYSICAL_SOFTWARE
540,OPTICAL_DISC_DRIVE
541,BUNGEE_CORD
542,HANGING_ORNAMENT
543,PET_PLAYPEN
544,NOISE_MACHINE
545,LABEL
546,COOKIE_CUTTER
547,COOKING_CONTAINER
548,ANIMAL_INCONTINENCE_PROTECTOR
549,SANDBOX
550,INCONTINENCE_PROTECTOR
551,COSTUME_OUTFIT
552,KITCHEN_KNIFE
553,WEIGH_SCALE
554,MATTRESS_COVER
555,EYEGLASS_CASE
556,LASER_PRINTER_TONER
557,LITTER_BOX
558,PRETEND_PLAY_TOY
559,SWING
560,SEWING_MACHINE_NEEDLE
561,REMOTE_CONTROL
562,DOORSTOP
563,PRELOADED_ELECTRONIC_GAME
564,PAPER_PRODUCT
565,ELECTRIC_LIGHT
566,MATTRESS
567,SEALANT
568,ZIPPER_FASTENER
569,MENSTRUAL_CUP
570,MAJOR_HOME_APPLIANCES
571,STORAGE_DRAWER
572,PLAYHOUSE
573,CABLE_OR_ADAPTER
574,VEHICLE_LIGHT_ASSEMBLY
575,ANTENNA
576,MECHANICAL_BELT
577,ANIMAL_NUTRITIONAL_SUPPLEMENT
578,MUSCLE_ROLLER
579,SNACK_FOOD_BAR
580,ROBOTIC_VACUUM_CLEANER
581,LEASH
582,BOTTLE_RACK
583,STANDALONE_STREAMING_MEDIA_PLAYER
584,MEDICAL_TEST_STRIP
585,EXERCISE_MAT
586,ANIMAL_FUR_CLEANER_CONDITIONER
587,SLOW_COOKER
588,UTILITY_CART_WAGON
589,EARRING
590,LIGHT_FIXTURE
591,SHEET_PAN
592,ELECTRONIC_SWITCH
593,TOASTER
594,HOSE_PIPE_FITTING
595,BASKET
596,HARDWARE_STAPLE
597,PICTURE_HANGER
598,FABRIC
599,SLED
600,DISHWASHER_DETERGENT
601,MASCARA
602,DRAIN_OPENER_SUBSTANCE
603,AIR_COMPRESSOR
604,WATER_PURIFICATION_UNIT
605,EYELASH_CURLER
606,PROTEIN_SUPPLEMENT_POWDER
607,HARDWARE_CLAMP_VISE
608,CAMERA_STAGE_LIGHTING_MODIFIER
609,MAGNIFIER
610,CARD_DOCUMENT_SLEEVE
611,WATER
612,VINEGAR
613,RICE_MIX
614,LEAVENING_AGENT
615,BAKING_CUP
616,MILK_SUBSTITUTE
617,NUT_AND_SEED
618,FABRIC_SOFTENER
619,DRINKING_STRAW
620,CHOPSTICK
621,DUST_REMOVAL_TOOL
622,BLOOD_OXYGEN_MONITOR
623,COFFEE_FILTER
624,COMPOST_BIN
625,TRIVET
626,ELECTRIC_FOOD_MILL_GRINDER
627,SAFE
628,ELECTRIC_WATER_BOILER
629,DISH_DRYING_MAT
630,INSTALLATION_SERVICES
631,BED
632,LAB_CHEMICAL
633,SKIN_CARE_PRODUCT
634,ART_EASEL
635,BENCH
636,CARPET_UPHOLSTERY_CLEANING_MACHINE
637,BODY_CARE_PRODUCT
638,TREADMILL
639,DRESSER
640,BOOKMARK
641,SAFETY_SUPPLY
642,TRAMPOLINE
643,DIETARY_SUPPLEMENTS
644,IRRIGATION_SPRINKLER
645,ELECTRIC_FAN
646,DIGITAL_DEVICE_4
647,WATERING_CAN
648,CLIMBING_PLANT_SUPPORT_STRUCTURE
649,CAKE
650,TOWEL_HOLDER
651,ROBE
652,APPENDAGE_WARMER
653,ELECTRIC_HEATING_PAD
654,LAMINATOR
655,AUDIO_MIXING_CONSOLE
656,SOUND_AND_RECORDING_EQUIPMENT
657,DRILL_BITS
658,VIDEO_PROJECTOR
659,UTILITY_JACK
660,SYRUP
661,OUTDOOR_RECREATION_PRODUCT
662,FISHING_NET
663,FIRST_AID_KIT
664,COSTUME_MASK
665,ELECTRONIC_FINDER
666,CE_ACCESSORY
667,INDUSTRIAL_CASTERS
668,BABY_PRODUCT
669,BABY_BOTTLE
670,HANGING_MOBILE
671,NASAL_ASPIRATOR
672,CHANGING_PAD_COVER
673,SLEEP_MASK
674,SHOELACE
675,FURNITURE_EDGE_BUMPER
676,BOTTLE_NIPPLE
677,SLEEPING_BAG
678,BATTERY_CHARGER
679,AIR_MATTRESS
680,TENT
681,PERSONAL_FLOTATION_DEVICE
682,EDUCATIONAL_SUPPLIES
683,MEAL_HOLDER
684,TWO_WAY_RADIO
685,WATCH
686,APPAREL_HEAD_NECK_COVERING
687,RECREATION_BALL
688,SAFETY_MASK_REPLACEMENT_FILTER
689,HEADPHONE_EARPAD
690,WIRELESS_AUDIO_ADAPTER
691,CONDOM
692,FIDGET_TOY_SPINNER
693,KNEE_PAD
694,SEASONING
695,WEIGHT_RACK
696,COUNTERTOP_FOOD_STEAMER
697,FOOTWEAR_CARE_KIT
698,SURVIVAL_KIT
699,HAIR_IRON
700,LEOTARD
701,BALLOON
702,TABLECLOTH
703,AIR_PUMP
704,PARTY_DECORATION_PACK
705,VEHICLE_SEAT_COVER
706,WAIST_CINCHER
707,FALSE_NAIL
708,SEWING_TOOL_SET
709,ELECTRONIC_SIGNAL_CONVERTER
710,TONG_UTENSIL
711,SYSTEM_CABINET
712,BAKEWARE_SET
713,TREE_SKIRT
714,MACHINE_LUBRICANT
715,FLASH_DRIVE
716,CONCENTRATED_FLAVORING_SUBSTANCE
717,FOOD_WRAP
718,BATH_SAFETY_SEATING
719,FISH
720,SECURITY_ELECTRONICS
721,LANDLINE_PHONE
722,SHELLFISH
723,ELECTRONIC_WIRE
724,AV_SIGNAL_SWITCH
725,MULTIPORT_HUB
726,RULER
727,CORRECTIVE_EYEGLASSES
728,FOOD_SLICER
729,TOY_GUN
730,WALKER
731,ABIS_DOWNLOADABLE_SOFTWARE
732,PRINTER
733,DECORATIVE_PILLOW_COVER
734,TOY_BUILDING_BLOCK
735,TEACHING_EQUIPMENT
736,COORDINATED_OUTFIT
737,TOY_FIGURE_PLAYSET
738,SQUEEZE_TOY
739,LOOSE_CUT_GEM
740,CHARM
741,LICENSE_PLATE_ATTACHMENT
742,VEHICLE_MIRROR
743,ASHTRAY
744,BABY_RATTLE
745,BAKING_PAPER
746,COSMETIC_POWDER
747,TASK_TRAY
748,STORAGE_COVER
749,FALSE_EYELASH
750,ONBOARD_CAMERA
751,FLASH_CARD
752,NAIL_CLIPPER
753,CRAFT_BEAD
754,DYE
755,AIR_FRYER
756,CAULKS
757,CRAFT_MOLD
758,CAMERA_CONTINUOUS_LIGHT
759,FASHIONEARRING
760,FOOD_MIXER
761,JAR
762,INDUSTRIAL_HOSE
763,DAILY_LIVING_AIDS
764,FIDGET_TOY
765,FASHIONOTHER
766,MISC_OTHER
767,PARTY_FAVOR
768,LUXURY_BEAUTY
769,SELF_DEFENSE_SPRAY
770,TONNEAU_COVER
771,LUGGAGE
772,BICYCLE_CARGO_RACK
773,WATER_FLOTATION_DEVICE
774,SPLASH_POOL
775,PORTABLE_ELECTRONIC_DEVICE_ARMBAND
776,BICYCLE
777,BICYCLE_LIGHT
778,VEHICLE_BAG
779,KNIFE_BLOCK
780,FURNITURE_LEG
781,POWER_BANK
782,BAKING_MAT
783,HIP_FLASK
784,SEWING_PATTERN
785,CAN_OPENER
786,CUP_HOLDER
787,COOKWARE
788,SOUS_VIDE_MACHINE
789,FIRE_PIT
790,CYCLING_TIRE
791,BICYCLE_BRAKE_PAD
792,VEHICLE_BODY_PANEL
793,FOOD_SERVICE_SUPPLY
794,CONTAINER_LID
795,MOUTH_GUARD
796,FOOD_DEHYDRATOR
797,WASHER
798,SPORT_HELMET
799,FURNITURE_LINER
800,GARDEN_TOOL_SET
801,BLOOD_LANCET
802,BLOOD_PRESSURE_MONITOR
803,PACIFIER
804,MONEY_BANK
805,SUSPENDER
806,BREAST_PUMP
807,BABY_FORMULA
808,BED_RAIL
809,BATH_TOY
810,BICYCLE_PEDAL
811,BICYCLE_BELL
812,PESTICIDE
813,PIPING_TIP
814,BRASS_AND_WOODWIND_INSTRUMENTS
815,VEHICLE_BRAKE_PAD
816,HOPPING_TOY
817,FOOD_GRATER
818,STEP_STOOL
819,EXERCISE_BAND
820,BAKING_CHOCOLATE
821,FOOD_PREPARATION_MOLD
822,CRAFT_WOOD
823,ROTATING_TRAY
824,WIG
825,EYEGLASS_FRAME
826,MILK_FROTHER
827,SCIENCE_FUNDAMENTALS_KIT
828,PLACEMAT
829,REUSABLE_INCONTINENCE_SURFACE_PROTECTOR
830,BALANCE_BOARD
831,MOUNT_BRACKET
832,TOY_VEHICLE_SET
833,BUBBLE_MAKER
834,EXERCISE_BLOCK
835,ANIMAL_LITTER
836,ELECTRICAL_PLUG
837,ANIMAL_PERCH
838,PUMP_DISPENSER
839,COSMETIC_SPONGE
840,CELL_PHONE_GRIP
841,WIPER_BLADE
842,TRAY
843,ANIMAL_CARRIER
844,TELEVISION
845,AROMA_DIFFUSER
846,STEAM_CLEANER
847,CAMERA_TRIPOD
848,DRILL
849,TOOL_BELT
850,MECHANICAL_LIGHTER
851,OVERALLS
852,WEATHER_STRIPPING
853,VEHICLE_COVER
854,WATER_HEATER
855,HVAC_CONTROL_THERMOSTAT
856,PLUG_STOPPER
857,WRENCH
858,KAYAK
859,GREENHOUSE
860,AUTO_PART
861,DEHUMIDIFIER
862,FUSE
863,SPACE_HEATER
864,DRAIN_STRAINER
865,TRACTION_CLEAT
866,ELECTRONIC_COMPONENT
867,ROLLING_PAPER
868,GASKETS
869,VALVE
870,MP3_PLAYER
871,PRINT_COPY_PAPER
872,BEVERAGE
873,ELLIPTICAL_TRAINER
874,WIRELESS_SIGNAL_REPEATER
875,COMPUTER
876,REFRIGERATOR
877,AV_FURNITURE
878,RADIO
879,PIZZA
880,DENTAL_FLOSS
881,BOTTLE_OPENER
882,FUEL_PUMP
883,PACKING_MATERIAL
884,VEHICLE_EMBLEM
885,COLLECTIBLE_CARD
886,TURNTABLE
887,PIERCING_JEWELRY
888,WEBCAM
889,GRAPHIC_TABLET
890,SINGLE_BOARD_COMPUTER
891,BINDER_DIVIDER
892,STOVETOP_KETTLE
893,LEG_SLEEVE
894,PICNIC_HOLDER
895,STRENGTH_TRAINING_MACHINE
896,RANGEFINDER
897,WEIGHTLIFTING_BELT
898,BREAST_PETAL
899,FABRIC_APPLIQUE_PATCH
900,TAMPON
901,SMOKING_PIPE
902,NECKTIE
903,CAPO
904,TELESCOPE
905,FLATWARE
906,TRADING_CARDS_CARDS_SETS
907,ORAL_IRRIGATOR
908,RELAY
909,STROLLER
910,SPORT_MITT
911,PHONE
912,MUSICAL_INSTRUMENTS
913,SOFA
914,FIREPLACE
915,POWER_CONVERTER
916,BIOMETRIC_MONITOR
917,ANIMAL_RECOVERY_COLLAR_CONE
918,CAMERA_OTHER_ACCESSORIES
919,ANIMAL_WATER_DISPENSER
920,TOTE_BAG
921,TRANSPORT_RACK
922,WEARABLE_COMPUTER
923,BASE_LAYER_APPAREL_SET
924,SOCKSHOSIERY
925,FASHIONNECKLACEBRACELETANKLET
926,DUTCH_OVENS
927,CORE_PIT_REMOVER
928,CRAFT_WRAPPING_TISSUE_PAPER
929,BUTTER_DISH
930,FURNITURE
931,PALETTE_PUTTY_KNIFE
932,HOLE_PUNCH
933,PET_PLACEMAT
934,CAMERA_DIGITAL
935,FURNITURE_SLIDER
936,CABINET
937,BADGE_HOLDER
938,PUFFED_SNACK
939,REINFORCED_ART_SURFACE
940,FOOD_SCOOP
941,TILE
942,LIGHT_BOX
943,HAMMER_MALLET
944,MAPS
945,BODY_PAINT
946,GLITTER
947,DRIED_PLANT
948,ART
949,AQUARIUM_POND_WATER_TREATMENT
950,ANIMAL_STAIR
951,LAP_DESK
952,ELASTIC_BAND
953,INK_OR_TONER
954,SELF_TANNER
955,DESK_PAD
956,POT_HOLDER
957,BUCKET
958,PORTABLE_AUDIO
959,HEAT_SINK
960,PRIME
961,WALL_PLATE
962,AIR_GUN_PROJECTILE
963,HAIR_ROLLER
964,HAIR_TRIMMING_KIT
965,SCREWS
966,SPORT_BAT
967,VACUUM_CLEANER_BAG
968,SQUEEGEE
969,TOGGLE_SWITCH
970,POOL_VACUUM
971,STEERING_WHEEL_COVER
972,MUSICAL_INSTRUMENT_TOY
973,HAMMOCK
974,SCARF
975,CORSET
976,RUG_PAD
977,SNORKELING_SET
978,FUEL_LAMP
979,NAVIGATION_COMPASS
980,FLAME_WICK
981,DEEP_FRYER
982,WIRE
983,ONE_PIECE_OUTFIT
984,HOBBIES
985,GUILD_JEWELRY
986,PUPPET
987,PRESSURE_COOKER
988,SOLID_FIRE_FUEL
989,PORTABLE_STOVE
990,SKATEBOARD
991,MOP
992,BOTTLE_STOPPER
993,KNIFE_SHARPENER
994,BRAKE_KIT
995,TEA_INFUSER
996,DECORATIVE_MAGNET
997,FOOD_BIB
998,SHOWER_CAP
999,TAPE_LABEL_DISPENSER
1000,FOOD_SHAKER
1001,DRY_SHAMPOO
1002,PET_APPAREL
1003,SPORT_RACKET
1004,DECORATIVE_POM_POM
1005,SUITCASE
1006,MINIATURE_TOY_FURNISHING
1007,SWIM_CAP
1008,DISHWARE_PLACE_SETTING
1009,SKIN_BLEMISH_REMOVAL_TOOL
1010,CAMERA_LENSES
1011,OUTERWEAR
1012,CAMERA_FILM
1013,KEYBOARD_INSTRUMENTS
1014,FITNESS_HOOP
1015,GRILL_SMOKER_COVER
1016,BISS
1017,CURTAIN_SWAG_HOLDER
1018,PAPER_SHREDDER
1019,STAPLER
1020,BAR_CODE_READER
1021,WATER_PUMP
1022,MICROSCOPES
1023,HARD_DRIVE_ENCLOSURE
1024,THREAD_CORD
1025,UNMANNED_AERIAL_VEHICLE
1026,PLAY_SLIDE
1027,ELECTRIC_LANTERN
1028,HEADBOARD
1029,VEHICLE_SAFETY_CAMERA
1030,TRANSFORMER
1031,JUICER
1032,WAIST_PACK
1033,PHOTOGRAPHIC_FILM
1034,DECORATIVE_RIBBON_TRIM
1035,ABIS_DRUGSTORE
1036,FOOD_MASHER
1037,JUMP_ROPE
1038,FACIAL_STEAMER
1039,BATH_PILLOW
1040,TV_TUNER_CARD
1041,POLISHING_BUFFING_TOOL
1042,NAIL_POLISH_BRUSH
1043,WILDLIFE_FEEDER
1044,SWIMMING_POOL
1045,FACE_SHIELD
1046,MEDIA_STORAGE
1047,BLADED_FOOD_PEELER
1048,BEER
1049,GARMENT_PROTECTOR_COVER
1050,OFFICE_ELECTRONICS
1051,FOUNTAIN
1052,CORD_MANAGEMENT_COVER
1053,SEASONING_MILL
1054,SNAP_FASTENER
1055,GAMES
1056,MOTHERBOARD
1057,BED_CURTAIN
1058,EGG
1059,PLECTRUM
1060,GUITARS
1061,CLINICAL_DIAGNOSTIC_TESTING_KIT
1062,PUMP_SPRAYER
1063,SAW
1064,ANCHOR_STAKE
1065,CAMERA_LENS_FILTERS
1066,WEED_MOSS_CONTROL_AGENT
1067,CASSEROLES
1068,GUN_SLING
1069,ICE_CHEST
1070,VEHICLE_MOLDING
1071,BICYCLE_TRAINER
1072,ANIMAL_SHELTER
1073,ELECTRONIC_SENSOR
1074,FOOD_BLENDER
1075,HANDLEBAR
1076,KNIFE
1077,TARP
1078,DIMENSIONAL_MEASUREMENT_CALIPER
1079,GUN_CLEANING_KIT
1080,AUTO_OIL
1081,CHAINSAW
1082,SHIN_GUARD
1083,TRACK_SUIT
1084,WINDING_REEL
1085,BOXING_GLOVE
1086,MESS_KIT
1087,HYDRATION_PACK
1088,POWER_INVERTER
1089,NAIL_POWDER
1090,COSTUME_EYEWEAR
1091,SEWING_BUTTON
1092,EXERCISE_STRAP
1093,BABY_SEAT
1094,CHANGING_PAD
1095,BAR_TOOL_SET
1096,ABIS_VIDEO
1097,CAMERA_CLEANER
1098,SHIPPING_BOX
1099,MANUAL_FOOD_MILL_GRINDER
1100,COOKING_POT
1101,PAPER_CLIP_CLAMP
1102,CHAIR_MAT
1103,AUDIO_MIDI_INTERFACE
1104,BEVERAGE_INSULATOR
1105,EYEGLASS_REPAIR_KIT
1106,KEYCAP
1107,BATHTUB
1108,DRYING_RACK
1109,TOY_SLIME
1110,VIDEO_GAME_HARDWARE
1111,TEMPLATE_STENCIL
1112,BASKETBALL_HOOP
1113,PLIERS
1114,ABDOMINAL_EXERCISER
1115,YO_YO
1116,ELECTRONIC_DEVICE_DOCKING_STATION
1117,CONSUMABLES_EMAIL_GIFT_CARD
1118,APPAREL_PIN
1119,BUCKLE
1120,UTILITY_HOLSTER_POUCH
1121,GUILD_TOYS_AND_GAMES
1122,MORTAR_AND_PESTLE_SET
1123,ARM_SLEEVE
1124,GAMING_EQUIPMENT_ENCLOSURE
1125,GUITAR_EFFECT_DEVICE
1126,PROJECTILE_BOW
1127,RAKE
1128,TRASH_COMPACTOR
1129,TOY_MODEL_VEHICLE_TRACK
1130,TABLE_RUNNER
1131,KNIFE_BLOCK_SET
1132,FACIAL_TISSUE_HOLDER
1133,PORTABLE_TOOL_BOX
1134,FLAT_SHEET
1135,PANTRY
1136,ELECTRONIC_DEVICE_COOLING_PAD
1137,INSULATION
1138,PET_DOOR
1139,CORD_ROPE
1140,SUSPENSION_LIFT_SUPPORT
1141,WEARABLE_WEIGHT
1142,TOPICAL_HAIR_REGROWTH_TREATMENT
1143,RAMP
1144,MARBLE_TRACK
1145,COLLAPSIBLE_PLAY_STRUCTURE
1146,PORTABLE_FREESTANDING_SHELTER
1147,BLAZER
1148,PUNCHING_BAG
1149,COUNTERTOP_BURNER
1150,MOUNTED_STORAGE_SYSTEM_KIT
1151,RIDE_ON_TOY
1152,LIGHTED_OUTDOOR_DISPLAY
1153,CAKE_TOPPER
1154,ELECTRONIC_LEARNING_TOY
1155,SNOW_GLOBE
1156,VIVARIUM
1157,SPINNING_TOY_TOP
1158,PINATA
1159,DARTBOARD
1160,ELECTRONIC_DEVICE_SKIN
1161,PEN_MARKER_INK_CARTRIDGE_REFILL
1162,ADVENT_CALENDAR
1163,TEMPORARY_TATTOO
1164,HELMET
1165,EDIBLE_OIL_ANIMAL
1166,JEWELRY
1167,MASSAGE_STICK
1168,ACCESSORY_OR_PART_OR_SUPPLY
1169,SPOON_REST
1170,CHEMICAL_TEST_STRIP
1171,STOOL_SEATING
1172,ENEMA_DOUCHE
1173,WALLPAPER
1174,BARBECUE_GRILL
1175,WHISK_UTENSIL
1176,BREAD_MAKING_MACHINE
1177,AUDIO_OR_VIDEO
1178,VIDEO_GAME_PERIPHERAL_SET
1179,ELECTRONIC_DEVICE_FACEPLATE
1180,SPIRITS
1181,PASTRY_BASTING_BRUSH
1182,STORE_FIXTURES_AND_EQUIPMENT
1183,DISPLAY_ENCLOSURE
1184,PET_HEALTH_CARE
1185,SEWING_MACHINE
1186,ADHESIVES_AND_SEALANTS
1187,PRESSURE_WASHER
1188,CAPACITOR
1189,PROTECTED_COLLECTION
1190,MOTOR_STARTER
1191,ELECTRIC_MOTOR
1192,BOOKS_1973_AND_LATER
1193,PARTY_SUPPLIES
1194,PLAY_WORKSTATION
1195,DOLL_CLOTHING
1196,BATHTUB_SHOWER_TRIM_KIT
1197,KICK_SCOOTER
1198,ROLLER_SKATE
1199,WEATHER_STATION
1200,WEIGHT_PLATE
1201,HOT_GLUE_GUN
1202,HAIR_CARE_AGENT
1203,CROCHET_HOOK
1204,GRIDDLE_PLATE
1205,BARBECUE_TOOL_SET
1206,HOOKAH
1207,PASTA_MAKER
1208,DRIP_IRRIGATION_KIT
1209,FISHING_ROD_REEL_COMBO
1210,FISHING_HOOK
1211,CAMERA_SUPPORT
1212,CAMERA
1213,POWER_SUPPLY
1214,VOICE_RECORDER
1215,RANGE
1216,COIN_PURSE_POUCH
1217,UNDERGARMENT_THIGH_SLIMMER
1218,LIGHT_SOURCE
1219,WIRE_STRIPPER
1220,FOOD_GLITTER_SPRINKLE
1221,VEHICLE_ACCENT_LIGHT
1222,VEHICLE_GRILLE
1223,VEHICLE_SCAN_TOOL
1224,BARBELL
1225,FITNESS_BENCH
1226,SLEEPING_MAT
1227,WEAPON_CASE
1228,MOTOR_ENGINE_FUEL_TANK
1229,MICROPHONE_STAND
1230,VIDEO_DEVICE
1231,PROJECTION_SCREEN
1232,AIMING_SCOPE_SIGHT
1233,GUN_GRIP
1234,WATER_DISPENSER
1235,SOLAR_PANEL
1236,HARDWARE_BEARING
1237,HAND_SANITIZER
1238,STRING_TRIMMER
1239,RICE_COOKERS
1240,VEHICLE_INTERIOR_SHADE
1241,FOOD_SMOKER
1242,VIDEO_DVD
1243,DIE_CUT_MACHINE
1244,CRIB
1245,BASSINET
1246,BABY_BATHTUB
1247,WATER_PLAY_SPRINKLER
1248,MAKEUP_VANITY
1249,PHYSICAL_GIFT_CARD
1250,CONFETTI
1251,BABY_JUMPER_WALKER
1252,CRAFT_EYE
1253,TARGET_TOSSING_GAME
1254,POWER_TOOL_SET
1255,BATHROOM_CONTAINER_SET
1256,MEMORY_READER
1257,DIGITAL_DEVICE_4_ACCESSORY
1258,DIGITAL_DEVICE_21_ACCESSORY
1259,DOOR_CLOSER
1260,COMPUTER_COOLING_DEVICE
1261,HOUSEHOLD_VARNISH
1262,HAIR_CARE_PRODUCT
1263,SHOE_TREE
1264,FISHING_LINE
1265,ABRASIVE_WHEELS
1266,ROTARY_TOOL
1267,CHISEL
1268,OLIVE
1269,CULINARY_MUSHROOM
1270,ANTI_FATIGUE_FLOOR_MAT
1271,ROWING_MACHINE
1272,PET_SEAT
1273,MUSICAL_INSTRUMENT_STRING
1274,STRINGED_INSTRUMENTS
1275,CRIMPING_PLIERS
1276,SNOW_PANT
1277,BOOKEND
1278,ENGINE_EXHAUST_PIPE
1279,PLAYARD
1280,SUIT
1281,GARLIC_PRESS
1282,DRYER
1283,JUMP_STARTER
1284,EXERCISE_MACHINE
1285,DOOR
1286,SHADE_SAIL
1287,ELECTRONIC_COMPONENT_TERMINAL
1288,UNINTERRUPTIBLE_POWER_SUPPLY
1289,ANIMAL_MEDICATION
1290,SODA_MAKER
1291,GPS_OR_NAVIGATION_ACCESSORY
1292,PORTABLE_VIDEO_DISC_PLAYER
1293,CARABINER
1294,BED_SKIRT
1295,PRECISION_MEASURING
1296,NETWORKING_DEVICE
1297,SHOE_ACCESSORY
1298,GOLF_CLUB
1299,HOME_ORGANIZERS_AND_STORAGE
1300,COCKTAIL_SHAKER
1301,WHEEL
1302,COMPUTER_INPUT_DEVICE_ACCESSORY
1303,SONAR_FATHOMETER
1304,GRAVITY_BEVERAGE_DISPENSER
1305,ABRASIVE_BRUSH
1306,ENGINE_COMPONENT_CAP
1307,MUSICAL_INSTRUMENT_AMPLIFIER
1308,OIL_FILTER
1309,POWERSPORTS_VEHICLE_PART
1310,MATERIAL_HANDLING
1311,VEHICLE_SEAT
1312,INPUT_OUTPUT_CARD
1313,OTTOMAN
1314,BICYCLE_SEAT
1315,BATTERY_CHARGER_OR_TESTER
1316,OTC_MEDICATION
1317,ELECTROMECHANICAL_GAUGE
1318,CHILDRENS_COSTUME
1319,UNDERGARMENT_SLIP
1320,COUNTERTOP_OVEN
1321,ICE_MAKER
1322,DISHWASHER
1323,CALCULATOR
1324,FIRE_SCREEN
1325,LEAF_BLOWER
1326,LIGHT_BULB_SOCKET
1327,TECHNICAL_SPORT_SHOE
1328,GUILD_APPAREL
1329,CARGO_NET
1330,SCREW_GUN
1331,MICROWAVE_OVEN
1332,AUTO_BATTERY
1333,TOILET
1334,HARDWARE_PLANER
1335,CALISTHENICS_STAND
1336,VACUUM_SEALER_MACHINE
1337,REFRIGERATION_APPLIANCE
1338,NETTING_COVER
1339,AV_RECEIVER
1340,GLOBE
1341,ABRASIVE_SHEETS
1342,SURVEILANCE_SYSTEMS
1343,BLOWTORCH
1344,SOLDERING_IRON
1345,POTPOURRI_SACHET
1346,VEHICLE_CONTROL_ARM
1347,BED_SLATS
1348,FAUCET_WATER_AERATOR
1349,CONSUMER_SERVICES_SUBSCRIPTION
1350,IGNITION_COIL
1351,DART_FLIGHT
1352,SPORT_TABLE_GAME
1353,MATERIAL_HANDLING_TRUCK
1354,WHEEL_CUTTER
1355,CYCLING_TIRE_TUBE
1356,BICYCLE_BASKET
1357,JANITORIAL_SUPPLY
1358,SNOW_BLOWER
1359,ANIMAL_MUZZLE
1360,NAPKIN_HOLDER
1361,LAMPSHADE
1362,MAGAZINES
1363,PRESSER_FOOT
1364,STETHOSCOPE
1365,IRONING_BOARD
1366,CRAFT_HOOP_FRAME
1367,VASE
1368,VEHICLE_CARGO_CARRIER
1369,PUSH_PULL_TOY
1370,WREATH
1371,BLANK_MEDIA
1372,BLANK_STORAGE_MEDIA
1373,SEEDS_AND_PLANTS
1374,SKEWER
1375,GARDEN_EDGING
1376,LAUNDRY_APPLIANCE
1377,FREESTANDING_SHELTER
1378,BOOK
1379,FRESH_CUT_FLOWERS_PLANTS
1380,WINE
1381,CLOTH_NAPKIN
1382,FINERING
1383,TOY_STROLLER
1384,TIRE_VALVE_STEM_CAP
1385,DINNERWARE
1386,NETWORK_SWITCH
1387,SPARK_PLUG
1388,MOTION_DETECTOR_DEVICE
1389,DOWNLOADABLE_TV_SEASON
1390,RICE_WINE
1391,BOOK_COVER
1392,NON_DAIRY_CHEESE
1393,BEAN_BAG_CHAIR
1394,ALARM
1395,BEARINGS_AND_BUSHINGS
1396,GOURMET_FOOD
1397,VEST
1398,FISHING_REEL
1399,FISHING_EQUIPMENT
1400,TOOL_CHUCK
1401,ABIS_SPORTS
1402,HARDWARE_PIN
1403,WASHERS
1404,ELECTRICAL_OUTLET
1405,FURNITURE_CART
1406,POOL_COVER
1407,HOT_TUB
1408,INDOOR_GROW_ENCLOSURE
1409,SOLDERING_STATION
1410,FLEXIBLE_MAGNET
1411,KETTLEBELL
1412,CARBURETOR
1413,BAKEWARE
1414,SCANNER
1415,BLEACH
1416,PRINTS_AND_POSTERS
1417,GOLF_PRACTICE_MAT
1418,HAIR_REMOVAL_AND_SHAVING_PRODUCT
1419,ABIS_TOY
1420,GUILD_ACCESSORIES
1421,HEAT_TRANSFER_MATERIAL
1422,HEAT_PRESS
1423,ROUTER_POWER_TOOL
1424,ROUTER_BIT
1425,SURVEILLANCE_RECORDER_SYSTEM
1426,POOL_SPA_WATER_TREATMENT
1427,SOFTWARE_GAMES
1428,STREAMING_MUSIC_SUBSCRIPTION
1429,DIGITAL_DEVICE_12_ACCESSORY
1430,VEHICLE_MAT
1431,HARDWARE_NAIL
1432,VEHICLE_BUMPER
1433,WALKING_STICK
1434,LEVEL
1435,CUTLERY
1436,FUEL_FILTER
1437,LIGHTER_FLUID
1438,NICOTINE_REPLACEMENT
1439,PILL_CUTTER
1440,HUBCAP_WHEEL_COVER
1441,EPILATOR
1442,CAR_ALARM
1443,VEHICLE_WRAP
1444,SPORT_GOAL
1445,SURFACE_PROTECTION_WAX
1446,COOLING_RACK
1447,VEHICLE_SPOILER
1448,CUFF_LINK
1449,CLEANING_PRODUCT
1450,POWER_SUPPLIES_OR_PROTECTION
1451,SPEAKER_AMPLIFIER_STAND
1452,SOIL_TILLER_CULTIVATOR
1453,ABIS_VIDEO_GAMES
1454,AUTOMOTIVE_HELMET
1455,MOTORCYCLE_ACCESSORY
1456,FITNESS_STEPPER
1457,MEAT_ALTERNATIVE
1458,SAFETY_HARNESS
1459,PREPARED_DOUGH
1460,NON_DAIRY_ICE_CREAM
1461,VEHICLE_HORN
1462,AWNING
1463,AMAZON_DEVICE
1464,LIQUID_FUEL_CONTAINER
1465,MUFFLER
1466,MANNEQUIN_CLOTHING_FORM
1467,SNOWSHOE
1468,BRAKE_ROTOR
1469,PILLOW_PROTECTOR
1470,CORRECTION_MATERIAL
1471,CAR_ELECTRONICS
1472,RIVET
1473,PAW_HOOF_PROTECTOR
1474,NAIL_DRYER
1475,AXE
1476,GUN_SUPPORT
1477,CAMERA_ENCLOSURE
1478,FISHING_ROD_HOLDER
1479,THREADING_TAPS
1480,ELECTRICITY_GENERATOR
1481,EYEWEAR
1482,HAND_FAN
1483,CABLE_ASSEMBLY
1484,METAL_DETECTOR
1485,POWERSPORT_VEHICLE_FOOTREST
1486,BOLTS
1487,ENGINE_WATER_PUMP
1488,DRAWER_SLIDE
1489,GIFT_XXRD
1490,ELECTRONIC_GIFT_XXRD
1491,PULL_UP_BAR
1492,ABIS_KITCHEN
1493,MINIATURE_TOY_BUILDING
1494,MUSIC_POPULAR
1495,EXERCISE_STEP_PLATFORM
1496,SMALL_HOME_APPLIANCES
1497,BLOWER_INFLATED_DECORATION
1498,INFLATABLE_BOUNCER
1499,KEYBOARD_TRAY
1500,FLOOR_COVER
1501,CISTERN
1502,IMPACT_PROTECTION_GEAR
1503,CAMERA_LENS_ACCESSORY
1504,ELECTRONIC_COMPONENT_AMPLIFIER
1505,BODYSTOCKING
1506,GPS_OR_NAVIGATION_SYSTEM
1507,FOOD_COLORING
1508,HOME_ENTERTAINMENT_SERVICES
1509,FREEZER
1510,OUTBUILDING
1511,FASHIONRING
1512,ELECTRONIC_BOOK_READER
1513,TERMINAL_BLOCK
1514,VEHICLE_RAIL
1515,TUNER
1516,AIR_COOLER
1517,PROTOTYPING_BOARD
1518,ELECTRONIC_COMPONENT_LAMP_HOLDER
1519,IRRIGATION_EQUIPMENT
1520,ADULT_COSTUME
1521,SATELLITE_RECEIVER
1522,ABIS_LAWN_AND_GARDEN
1523,UNION_SUIT
1524,VENT_HOOD
1525,HOME_PARTS
1526,TIRES
1527,HANDLEBAR_GRIP
1528,CLIMBING_HOLD
1529,AIR_GUN
1530,CARD_SHUFFLER
1531,CAMPING_EQUIPMENT
1532,SPORT_TARGET
1533,FENCE_PANEL
1534,ROOM_DIVIDER
1535,HOT_MELT
1536,CAMERA_FLASH
1537,CIGARETTE_CASE
1538,BIRDBATH
1539,COLLECTIBLES
1540,ELECTRICAL_HOUSING
1541,BICYCLE_SEATPOST
1542,TOW_HITCH
1543,BAKING_STONE
1544,CHAINSAW_CHAIN
1545,GREASE_GUN
1546,SHOCK_ABSORBER
1547,SHOE_BAG
1548,KINDLE_UNLIMITED_MEMBERSHIP
1549,FRAGRANCE
1550,SHOE_POLISH
1551,SPORT_FACE_MASK
1552,COLLECTIBLE_COINS
1553,COSTUME_FACIAL_HAIR
1554,KARAOKE_MACHINE
1555,WIND_SPINNER
1556,END_MILLS
1557,SALWAR_SUIT_SET
1558,ROLLER_CHAIN
1559,TRAILER_HITCH_COVER
1560,WORKBENCH
1561,FISHING_WEIGHT
1562,Health and Beauty
1563,Misc.
1564,Paperback
1565,Kitchen
1566,HOUSEHOLD_STAIN
1567,PULLEYS
1568,FISHING_ROD
1569,SPORT_NET
1570,GOLF_CLUB_COVER
1571,NETWORK_ACCESSORY
1572,SNOWSUIT
1573,TOFU
1574,NON_DAIRY_YOGURT
1575,SWORD
1576,WHEELCHAIR
1577,ABIS_BEAUTY
1578,STAMPS
1579,DIVE_MASK
1580,SHAVING_BRUSH
1581,GOLF_CLUB_BAG
1582,SELF_BALANCING_ELECTRIC_VEHICLE
1583,TOPICALS
1584,ABIS_PC
1585,ACCELERATION_SENSOR
1586,DIP_SWITCH
1587,CE_CARRYING_CASE_OR_BAG
1588,SWIM_FIN
1589,HANDLE_GRIP
1590,PHOTOGRAPHIC_STUDIO_ITEMS
1591,CUTICLE_PUSHER
1592,GROMMETS
1593,SPORTS_DRINK
1594,DAIRY_BASED_PUDDING
1595,PERCUSSION_INSTRUMENTS
1596,AUDIO_MIDI_CONTROLLER
1597,BULLION
1598,MATERIAL_CERTIFICATION
1599,FINEEARRING
1600,KIMONO
1601,MEDICAL_DEVICE
1602,PRINTED_PRODUCT
1603,O_RINGS
1604,LINEAR_GUIDES_AND_RAILS
1605,POWERSPORTS_RIDING_APPAREL
1606,DISC_GRINDER_TOOL
1607,KITE
1608,RECEIVER_OR_AMPLIFIER
1609,DONUT
1610,CARPETING
1611,RADAR_DETECTOR
1612,CAMERA_POWER_SUPPLY
1613,SNOW_CHAIN
1614,SNOWBOARD_BOOT
1615,NAPKIN_RING
1616,BICYCLE_TRAILER
1617,MEDICAL_SCRUB_SET
1618,SEAFOOD
1619,POWERSPORTS_PROTECTIVE_GEAR
1620,CYCLING_WHEEL
1621,HAMMOCK_STAND
1622,PA_SYSTEM
1623,ENTERTAINMENT_MEMORABILIA
1624,APPLIANCE_ACCESSORY
1625,HEATING_STOVE
1626,DIGITAL_DEVICE_7
1627,WINDSHIELD_SNOW_COVER
1628,GUILD_PET_SUPPLIES
1629,ELECTRONIC_CONTROLLER
1630,SPORT_WETSUIT
1631,LOCATION_TRACKER
1632,DIGITAL_VIDEO_RECORDER
1633,LETTER_OPENER
1634,VIDEO_VHS
1635,AUDIO_CD_PLAYER
1636,PADDLEBOARD
1637,PET_FUR_DEODORIZER
1638,INCUBATOR
1639,ABIS_ELECTRONICS
1640,SPORTS_MEMORABILIA
1641,THREADED_RODS_AND_STUDS
1642,CAR_AUDIO_OR_THEATER
1643,NON_DAIRY_PUDDING
1644,ETHNIC_WEAR
1645,KURTA
1646,TOW_SPORTS_LINE
1647,TIRE_COVER
1648,URN
1649,CYCLING_COMPUTER
1650,ARTIFICIAL_SNOW
1651,TRANSISTOR
1652,HOME_THEATER_SYSTEM_OR_HTIB
1653,SAREE
1654,PORTABLE_AV_DEVICE
1655,WIRELESS_SERVICE_PLAN
1656,BAG
1657,STREAMING_VIDEO_SUBSCRIPTION
1658,FUDGE
1659,VEHICLE_EXTERIOR_GUARD
1660,LIGHT_EMITTING_DIODE
1661,BELTS
1662,COMPRESSION_SPRINGS
1663,3D_PRINTING_PEN
1664,MODEL
1665,DIGITAL_DEVICE_19_ACCESSORY
1666,ELECTRONIC_CIGARETTE
1667,SECURITY_SYSTEM
1668,AGILITY_LADDER
1669,PORTABLE_ELECTRONICS
1670,FOOTWEAR
1671,DOWNLOADABLE_TV_SERIES
1672,DVD_PLAYER_OR_RECORDER
1673,PHOTOGRAPHIC_PAPER
1674,HARDWARE_SPACER
1675,ABIS_HOME_IMPROVEMENT
1676,ABIS_WIRELESS
1677,POWERSPORTS_VEHICLE
1678,CHOLI
1679,TEMPEH
1680,GLOVES
1681,SALAD_SPINNER
1682,SOFTWARE
1683,PIPET
1684,STROLLER_PROTECTION_SHIELD
1685,PHOTOGRAPHIC_LIGHTING
1686,ELECTRICAL_DISTRIBUTION_BOARD
1687,VEHICLE_LIFT_KIT
1688,TOW_HITCH_LOCK
1689,COMPUTER_SPEAKER
1690,PLASTIC_TUBING
1691,BOX_SPRING
1692,FLASK
1693,COSTUME
1694,MULTIFUNCTION_DEVICE
1695,DOWNLOADABLE_SOFTWARE
1696,CYCLING_EQUIPMENT
1697,PREPARED_AND_PRESERVED_FOOD
1698,CIGAR_CUTTER
1699,GARBAGE_DISPOSAL_UNIT
1700,TRADING_CARDS_FACTORY_SEALED
1701,DENT_REMOVAL_TOOL
1702,ABIS_EBOOKS
1703,GUN_RACK
1704,WHISTLE
1705,SNOWBOARD_BINDING
1706,BALL_LAUNCHER
1707,MISC_WORLD_INSTRUMENTS
1708,SKILL_APPLICATION
1709,ELECTRONIC_CIGARETTE_LIQUID
1710,BED_LINEN
1711,CAMERA_PRIVACY_COVER
1712,TRADING_CARDS_MISC_TRADING_CARDS
1713,WIRELESS_DEVICE
1714,RAM_MEMORY
1715,EXTRACT
1716,RELISH
1717,LAB_UTENSIL
1718,SHOWER_ENCLOSURE
1719,FOOD_MILL_GRINDER
1720,ELECTRONIC_KNOB
1721,PIE
1722,STEERING_WHEEL
1723,METALS
1724,CLEANING_WIPE_DISPENSER
1725,INTERCONNECT
1726,AGRICULTURAL_SUPPLIES
1727,MUSIC_POPULAR_VINYL
1728,MACHINE_THREADING_TOOL
1729,WASHER_DRYER_COMBINATION
1730,PRODUCT
1731,SPORT_BINDING
1732,FLOWERS
1733,DIGITAL_DEVICE_5_ACCESSORY
1734,NONACTIVATED_GIFT_CARD
1735,MOTORCYCLE_PART
1736,OUTBOARD_MOTOR
1737,CAMERA_BAGS_AND_CASES
1738,FOOD_OR_BEVERAGE_ RMER
1739,THREADSEALING_ADHESIVES
1740,HORSE_TACK_EQUIPMENT
1741,BICYCLE_DERAILLEUR
1742,VEHICLE_WINDOW
1743,SHAFT_COLLAR
1744,MUSIC
1745,POWER_RACK
1746,GAME_CALL
1747,HUMIDOR
1748,OPTOELECTRONIC_COMPONENT
1749,COOKING_OVEN
1750,SASH
1751,FASHION_JEWELRY
1752,SPORTING_AND_OUTDOOR_GOODS
1753,VIBRATION_SENSOR
1754,SEWING_MACHINE_BOBBIN
1755,SPORT_BOARD_SKI
1756,SPORT_POM_POM
1757,Sports
1758,Tools & Home Improvement
1759,Electronics
1760,
1761,Toy
1762,Office Product
1763,WIRELESS_LOCKED_PHONE
1764,POWER_WINCHES
1765,BEVERAGE_DISPENSING_APPLIANCE
1766,CONTACT_LENSES
1767,VEGETARIAN_EGG_SUBSTITUTE
1768,GIFTS_AND_OCCASIONS
1769,CABLE
1770,PENCIL_LEAD_REFILL
1771,ABRASIVE_DISCS
1772,FUEL_INJECTOR
1773,WATERCRAFT_PADDLE
1774,MEDICAL_SUPPLIES
1775,WINDOW_INSULATION_KIT
1776,BABY_FOOD
1777,POWER_TRANSFORMER
1778,SNACK_FOOD
1779,SOIL_AERATOR
1780,FLEXIBLE_COUPLINGS
1781,METAL_TUBING
1782,CAMERA_STAGE_LIGHTING_FILTER_DIFFUSER
1783,CLOTH_WRAP
1784,PHOTOGRAPHIC_LIGHT_METER
1785,TRADING_CARDS_UNGRADED_INSERTS
1786,TEMPERATURE_CONTROLLER
1787,LAB_PUMP
1788,Hardcover
1789,PRINTED_MEDIA
1790,POWERSPORTS_RIDING_GLOVES
1791,ABIS_BABY_PRODUCT
1792,ANTI_SLIP_BATHTUB_SHOWER_MAT
1793,CHANGING_TABLE
1794,TICKET_ROLL
1795,ZENER_DIODE
1796,FIXED_RESISTOR
1797,DUPATTA
1798,PC_BOARD_RELAY
1799,VCR
1800,HOSIERY
1801,HEALTH_FOOD
1802,SEALS
1803,BABY_COSTUME
1804,COCKTAIL_MIX
1805,VIDEO_PROJECTOR_PART
1806,VEHICLE_BRAKE_CALIPER
1807,VEHICLE_BALL_JOINT
1808,WATCHES
1809,FSN_DEVICES
